Query,Trial1_Time(ms),Trial2_Time(ms),Trial3_Time(ms),Average_Time(ms)
Q1,82.189,76.516,80.581,79.762
Q3,94.308,78.241,71.612,81.387
Q4,62.376,60.689,63.744,62.269666666666666
Q5,700.239,3628.986,3675.367,2668.1973333333335
Q6,36.36,31.843,32.685,33.629333333333335
Q7,228.199,60.269,51.832,113.43333333333334
Q8,139.099,119.773,132.007,130.29299999999998
Q9,167.981,158.72,150.696,159.13233333333335
Q10,39.123,16.039,19.187,24.783
